position,nucleotide,importance_score,root_importance,seedling_importance,leaf_importance,FMI_importance,FOD_importance,Prophase-I-pollen_importance,Tricellular-pollen_importance,flag_importance,grain_importance
0,A,inf,0.0,0.0,0.0,0.0,0.0,0.0,0.4,0.0,0.0
1,C,inf,0.0,0.0,0.0,0.0,0.0,0.0,0.4,0.0,0.0
2,A,inf,0.0,0.0,0.0,0.0,0.0,0.0,0.4,0.0,0.0
3,T,inf,0.0,0.0,0.0,0.0,0.0,0.0,0.4,0.0,0.0
4,A,inf,0.0,0.0,0.0,0.0,0.0,0.0,0.4,0.0,0.0
5,C,inf,0.0,0.0,0.0,0.0,0.0,0.0,0.4,0.0,0.0
6,T,inf,0.0,0.0,0.0,0.0,0.0,0.0,0.4,0.0,0.0
7,G,inf,0.0,0.0,0.0,0.0,0.0,0.0,0.4,0.0,0.0
8,C,inf,0.0,0.0,0.0,0.0,0.0,0.0,0.4,0.0,0.0
9,G,inf,0.0,0.0,0.0,0.0,0.0,0.0,0.4,0.0,0.0
10,C,inf,0.0,0.0,0.0,0.0,0.0,0.0,0.0,0.0,0.0
11,C,inf,0.0,0.0,0.0,0.0,0.0,0.0,0.0,0.0,0.0
12,G,inf,0.0,0.0,0.0,0.0,0.0,0.0,0.0,0.0,0.0
13,A,inf,0.0,0.0,0.0,0.0,0.0,0.0,0.0,0.0,0.0
14,T,inf,0.0,0.0,0.0,0.0,0.0,0.0,0.0,0.0,0.0
15,C,inf,0.0,0.0,0.0,0.0,0.0,0.0,0.0,0.0,0.0
16,C,inf,0.0,0.0,0.0,0.0,0.0,0.0,0.0,0.0,0.0
17,C,inf,0.0,0.0,0.0,0.0,0.0,0.0,0.0,0.0,0.0
18,C,inf,0.0,0.0,0.0,0.0,0.0,0.0,0.0,0.0,0.0
19,T,inf,0.0,0.0,0.0,0.0,0.0,0.0,0.0,0.0,0.0
20,T,0.00019457340240478516,0.0,0.0,0.0,0.0,0.0,0.0,0.0,0.0,0.0
21,C,0.00019457340240478516,0.0,0.0,0.0,0.0,0.0,0.0,0.0,0.0,0.0
22,G,0.00019457340240478516,0.0,0.0,0.0,0.0,0.0,0.0,0.0,0.0,0.0
23,G,0.00019457340240478516,0.0,0.0,0.0,0.0,0.0,0.0,0.0,0.0,0.0
24,C,0.00019457340240478516,0.0,0.0,0.0,0.0,0.0,0.0,0.0,0.0,0.0
25,T,0.00019457340240478516,0.0,0.0,0.0,0.0,0.0,0.0,0.0,0.0,0.0
26,C,0.00019457340240478516,0.0,0.0,0.0,0.0,0.0,0.0,0.0,0.0,0.0
27,G,0.00019457340240478516,0.0,0.0,0.0,0.0,0.0,0.0,0.0,0.0,0.0
28,G,0.00019457340240478516,0.0,0.0,0.0,0.0,0.0,0.0,0.0,0.0,0.0
29,C,0.00019457340240478516,0.0,0.0,0.0,0.0,0.0,0.0,0.0,0.0,0.0
30,G,0.0006993293762207031,0.0,0.0,0.0,0.0,0.0,0.0,0.0,0.0,0.0
31,C,0.0006993293762207031,0.0,0.0,0.0,0.0,0.0,0.0,0.0,0.0,0.0
32,T,0.0006993293762207031,0.0,0.0,0.0,0.0,0.0,0.0,0.0,0.0,0.0
33,G,0.0006993293762207031,0.0,0.0,0.0,0.0,0.0,0.0,0.0,0.0,0.0
34,A,0.0006993293762207031,0.0,0.0,0.0,0.0,0.0,0.0,0.0,0.0,0.0
35,A,0.0006993293762207031,0.0,0.0,0.0,0.0,0.0,0.0,0.0,0.0,0.0
36,T,0.0006993293762207031,0.0,0.0,0.0,0.0,0.0,0.0,0.0,0.0,0.0
37,T,0.0006993293762207031,0.0,0.0,0.0,0.0,0.0,0.0,0.0,0.0,0.0
38,G,0.0006993293762207031,0.0,0.0,0.0,0.0,0.0,0.0,0.0,0.0,0.0
39,G,0.0006993293762207031,0.0,0.0,0.0,0.0,0.0,0.0,0.0,0.0,0.0
40,A,0.0009858131408691407,0.0,0.0,0.0,0.0,0.0,0.0,0.0,0.0,0.0
41,T,0.0009858131408691407,0.0,0.0,0.0,0.0,0.0,0.0,0.0,0.0,0.0
42,C,0.0009858131408691407,0.0,0.0,0.0,0.0,0.0,0.0,0.0,0.0,0.0
43,G,0.0009858131408691407,0.0,0.0,0.0,0.0,0.0,0.0,0.0,0.0,0.0
44,C,0.0009858131408691407,0.0,0.0,0.0,0.0,0.0,0.0,0.0,0.0,0.0
45,C,0.0009858131408691407,0.0,0.0,0.0,0.0,0.0,0.0,0.0,0.0,0.0
46,C,0.0009858131408691407,0.0,0.0,0.0,0.0,0.0,0.0,0.0,0.0,0.0
47,G,0.0009858131408691407,0.0,0.0,0.0,0.0,0.0,0.0,0.0,0.0,0.0
48,C,0.0009858131408691407,0.0,0.0,0.0,0.0,0.0,0.0,0.0,0.0,0.0
49,C,0.0009858131408691407,0.0,0.0,0.0,0.0,0.0,0.0,0.0,0.0,0.0
50,C,inf,0.0,0.0,0.0,0.0,0.0,0.0,0.0,0.0,0.0
51,G,inf,0.0,0.0,0.0,0.0,0.0,0.0,0.0,0.0,0.0
52,C,inf,0.0,0.0,0.0,0.0,0.0,0.0,0.0,0.0,0.0
53,C,inf,0.0,0.0,0.0,0.0,0.0,0.0,0.0,0.0,0.0
54,T,inf,0.0,0.0,0.0,0.0,0.0,0.0,0.0,0.0,0.0
55,C,inf,0.0,0.0,0.0,0.0,0.0,0.0,0.0,0.0,0.0
56,C,inf,0.0,0.0,0.0,0.0,0.0,0.0,0.0,0.0,0.0
57,G,inf,0.0,0.0,0.0,0.0,0.0,0.0,0.0,0.0,0.0
58,A,inf,0.0,0.0,0.0,0.0,0.0,0.0,0.0,0.0,0.0
59,G,inf,0.0,0.0,0.0,0.0,0.0,0.0,0.0,0.0,0.0
60,G,0.0008494853973388672,0.0,0.0,0.0,0.0,0.0,0.0,0.0,0.0,0.0
61,T,0.0008494853973388672,0.0,0.0,0.0,0.0,0.0,0.0,0.0,0.0,0.0
62,C,0.0008494853973388672,0.0,0.0,0.0,0.0,0.0,0.0,0.0,0.0,0.0
63,A,0.0008494853973388672,0.0,0.0,0.0,0.0,0.0,0.0,0.0,0.0,0.0
64,G,0.0008494853973388672,0.0,0.0,0.0,0.0,0.0,0.0,0.0,0.0,0.0
65,C,0.0008494853973388672,0.0,0.0,0.0,0.0,0.0,0.0,0.0,0.0,0.0
66,C,0.0008494853973388672,0.0,0.0,0.0,0.0,0.0,0.0,0.0,0.0,0.0
67,G,0.0008494853973388672,0.0,0.0,0.0,0.0,0.0,0.0,0.0,0.0,0.0
68,G,0.0008494853973388672,0.0,0.0,0.0,0.0,0.0,0.0,0.0,0.0,0.0
69,A,0.0008494853973388672,0.0,0.0,0.0,0.0,0.0,0.0,0.0,0.0,0.0
70,A,inf,0.0,0.0,0.0,0.0,0.0,0.0,0.0,0.0,0.0
71,A,inf,0.0,0.0,0.0,0.0,0.0,0.0,0.0,0.0,0.0
72,C,inf,0.0,0.0,0.0,0.0,0.0,0.0,0.0,0.0,0.0
73,G,inf,0.0,0.0,0.0,0.0,0.0,0.0,0.0,0.0,0.0
74,G,inf,0.0,0.0,0.0,0.0,0.0,0.0,0.0,0.0,0.0
75,C,inf,0.0,0.0,0.0,0.0,0.0,0.0,0.0,0.0,0.0
76,C,inf,0.0,0.0,0.0,0.0,0.0,0.0,0.0,0.0,0.0
77,G,inf,0.0,0.0,0.0,0.0,0.0,0.0,0.0,0.0,0.0
78,A,inf,0.0,0.0,0.0,0.0,0.0,0.0,0.0,0.0,0.0
79,A,inf,0.0,0.0,0.0,0.0,0.0,0.0,0.0,0.0,0.0
80,T,0.00013791322708129884,0.0,0.0,0.0,0.0,0.0,0.0,0.0,0.0,0.0
81,C,0.00013791322708129884,0.0,0.0,0.0,0.0,0.0,0.0,0.0,0.0,0.0
82,G,0.00013791322708129884,0.0,0.0,0.0,0.0,0.0,0.0,0.0,0.0,0.0
83,C,0.00013791322708129884,0.0,0.0,0.0,0.0,0.0,0.0,0.0,0.0,0.0
84,A,0.00013791322708129884,0.0,0.0,0.0,0.0,0.0,0.0,0.0,0.0,0.0
85,C,0.00013791322708129884,0.0,0.0,0.0,0.0,0.0,0.0,0.0,0.0,0.0
86,G,0.00013791322708129884,0.0,0.0,0.0,0.0,0.0,0.0,0.0,0.0,0.0
87,G,0.00013791322708129884,0.0,0.0,0.0,0.0,0.0,0.0,0.0,0.0,0.0
88,G,0.00013791322708129884,0.0,0.0,0.0,0.0,0.0,0.0,0.0,0.0,0.0
89,C,0.00013791322708129884,0.0,0.0,0.0,0.0,0.0,0.0,0.0,0.0,0.0
90,C,0.00026199817657470705,0.0,0.0,0.0,0.0,0.0,0.0,0.0,0.0,0.0
91,C,0.00026199817657470705,0.0,0.0,0.0,0.0,0.0,0.0,0.0,0.0,0.0
92,C,0.00026199817657470705,0.0,0.0,0.0,0.0,0.0,0.0,0.0,0.0,0.0
93,T,0.00026199817657470705,0.0,0.0,0.0,0.0,0.0,0.0,0.0,0.0,0.0
94,C,0.00026199817657470705,0.0,0.0,0.0,0.0,0.0,0.0,0.0,0.0,0.0
95,T,0.00026199817657470705,0.0,0.0,0.0,0.0,0.0,0.0,0.0,0.0,0.0
96,T,0.00026199817657470705,0.0,0.0,0.0,0.0,0.0,0.0,0.0,0.0,0.0
97,C,0.00026199817657470705,0.0,0.0,0.0,0.0,0.0,0.0,0.0,0.0,0.0
98,A,0.00026199817657470705,0.0,0.0,0.0,0.0,0.0,0.0,0.0,0.0,0.0
99,C,0.00026199817657470705,0.0,0.0,0.0,0.0,0.0,0.0,0.0,0.0,0.0
100,C,0.0005488872528076171,0.0,0.0,0.0,0.0,0.0,0.0,0.0,0.0,0.0
101,A,0.0005488872528076171,0.0,0.0,0.0,0.0,0.0,0.0,0.0,0.0,0.0
102,G,0.0005488872528076171,0.0,0.0,0.0,0.0,0.0,0.0,0.0,0.0,0.0
103,T,0.0005488872528076171,0.0,0.0,0.0,0.0,0.0,0.0,0.0,0.0,0.0
104,G,0.0005488872528076171,0.0,0.0,0.0,0.0,0.0,0.0,0.0,0.0,0.0
105,G,0.0005488872528076171,0.0,0.0,0.0,0.0,0.0,0.0,0.0,0.0,0.0
106,A,0.0005488872528076171,0.0,0.0,0.0,0.0,0.0,0.0,0.0,0.0,0.0
107,T,0.0005488872528076171,0.0,0.0,0.0,0.0,0.0,0.0,0.0,0.0,0.0
108,T,0.0005488872528076171,0.0,0.0,0.0,0.0,0.0,0.0,0.0,0.0,0.0
109,A,0.0005488872528076171,0.0,0.0,0.0,0.0,0.0,0.0,0.0,0.0,0.0
110,C,0.00044121742248535154,0.0,0.0,0.0,0.0,0.0,0.0,0.0,0.0,0.0
111,T,0.00044121742248535154,0.0,0.0,0.0,0.0,0.0,0.0,0.0,0.0,0.0
112,A,0.00044121742248535154,0.0,0.0,0.0,0.0,0.0,0.0,0.0,0.0,0.0
113,C,0.00044121742248535154,0.0,0.0,0.0,0.0,0.0,0.0,0.0,0.0,0.0
114,C,0.00044121742248535154,0.0,0.0,0.0,0.0,0.0,0.0,0.0,0.0,0.0
115,A,0.00044121742248535154,0.0,0.0,0.0,0.0,0.0,0.0,0.0,0.0,0.0
116,A,0.00044121742248535154,0.0,0.0,0.0,0.0,0.0,0.0,0.0,0.0,0.0
117,T,0.00044121742248535154,0.0,0.0,0.0,0.0,0.0,0.0,0.0,0.0,0.0
118,T,0.00044121742248535154,0.0,0.0,0.0,0.0,0.0,0.0,0.0,0.0,0.0
119,A,0.00044121742248535154,0.0,0.0,0.0,0.0,0.0,0.0,0.0,0.0,0.0
120,C,inf,0.0,0.0,0.0,0.0,0.0,0.0,0.0,0.0,0.0
121,A,inf,0.0,0.0,0.0,0.0,0.0,0.0,0.0,0.0,0.0
122,G,inf,0.0,0.0,0.0,0.0,0.0,0.0,0.0,0.0,0.0
123,T,inf,0.0,0.0,0.0,0.0,0.0,0.0,0.0,0.0,0.0
124,A,inf,0.0,0.0,0.0,0.0,0.0,0.0,0.0,0.0,0.0
125,C,inf,0.0,0.0,0.0,0.0,0.0,0.0,0.0,0.0,0.0
