file_name,num_rows,num_cols,total_cells,na_count,na_ratio,columns_with_na,columns_with_all_na,rows_with_na,rows_with_all_na
FMI_TE.csv,63492,15,952380,48739,0.05117600117600118,1,0,48739,0
FOD_TE.csv,64243,15,963645,48544,0.05037539757898396,1,0,48544,0
Tricellular-pollen_TE.csv,65352,15,980280,51621,0.052659444240421106,1,0,51621,0
Prophase-I-pollen_TE.csv,53095,15,796425,43310,0.054380512917098285,1,0,43310,0
seedling_TE.csv,62176,15,932640,49572,0.053152341739577974,1,0,49572,0
root_TE.csv,59636,15,894540,46543,0.052030093679433,1,0,46543,0
leaf_TE.csv,44917,15,673755,35484,0.052666028452479016,1,0,35484,0
grain_TE.csv,49769,15,746535,36815,0.049314499655073105,1,0,36815,0
flag_TE.csv,45755,15,686325,35867,0.052259498051214805,1,0,35867,0
