Tissue,Accuracy,Silhouette Score,Num Samples,Low,Medium,High
root,0.9895822878821333,0.2348063588142395,49819,16607,16635,16577
seedling,0.9895075545607163,0.14876362681388855,50036,16664,16724,16648
leaf,0.9882761408765547,0.06683295220136642,42051,13990,14049,14012
FMI,0.9860888175494917,0.22807051241397858,48594,16172,16226,16196
FOD,0.9893105399288716,0.32453757524490356,49488,16499,16504,16485
Prophase-I-pollen,0.9892332853082045,0.018233386799693108,51362,17112,17164,17086
Tricellular-pollen,0.9881690250652945,0.34749719500541687,51306,17086,17136,17084
flag,0.9895173396432843,0.028981832787394524,39303,13071,13135,13097
grain,0.989485208585179,0.1777724027633667,43843,14611,14635,14597
